<?xml version="1.0" encoding="UTF-8"?>
<project-private xmlns="http://www.netbeans.org/ns/project-private/1">
    <editor-bookmarks xmlns="http://www.netbeans.org/ns/editor-bookmarks/2" lastBookmarkId="0"/>
    <open-files xmlns="http://www.netbeans.org/ns/projectui-open-files/2">
        <group>
            <file>file:/C:/Users/hp1/Documents/NetBeansProjects/LAUNDRY/src/L3.java</file>
            <file>file:/C:/Users/hp1/Documents/NetBeansProjects/LAUNDRY/src/l.java</file>
            <file>file:/C:/Users/hp1/Documents/NetBeansProjects/LAUNDRY/src/L6.java</file>
            <file>file:/C:/Users/hp1/Documents/NetBeansProjects/LAUNDRY/src/L5.java</file>
            <file>file:/C:/Users/hp1/Documents/NetBeansProjects/LAUNDRY/src/L2.java</file>
            <file>file:/C:/Users/hp1/Documents/NetBeansProjects/LAUNDRY/src/L4.java</file>
            <file>file:/C:/Users/hp1/Documents/NetBeansProjects/LAUNDRY/src/laundry/LAUNDRY.java</file>
            <file>file:/C:/Users/hp1/Documents/NetBeansProjects/LAUNDRY/src/L7.java</file>
        </group>
    </open-files>
</project-private>
